title,company,location,link
(Senior) Webentwickler (m/w/d) TYPO3 & Vue.JS,auteon GmbH,"München, Deutschland",https://stackoverflow.com/jobs/460969
Laravel and Vue.js Developer,MailerLite,No office location,https://stackoverflow.com/jobs/447895
Senior Full-Stack Engineer (Vue/Node),Wisely,No office location,https://stackoverflow.com/jobs/405895
Full Stack Software Engineer (Vue.js & Django) (m/f/d),Limehome GmbH,"München, Germany",https://stackoverflow.com/jobs/238532
Senior software engineer Vue.js,Harlem Next,"Haarlem, Netherlands",https://stackoverflow.com/jobs/427253
Vue.js Developer,BairesDev LLC,"San Francisco, CA",https://stackoverflow.com/jobs/471603
Webdeveloper for Backend (NodeJS) and Frontend (Vue) (m/f),RINGANA GmbH,"Wien, Österreich",https://stackoverflow.com/jobs/421723
Lead Vue.js / PHP developer,HUBX,No office location,https://stackoverflow.com/jobs/397027
Javascript Developer (Vue.js / Node.js),Lucky Orange LLC,"Overland Park, KS",https://stackoverflow.com/jobs/374387
Senior Frontend Engineer (Vue.js),Financial Technology Partners,"San Francisco, CA",https://stackoverflow.com/jobs/446919
"Full Stack Engineer - Junior to Senior - Vue.js, Go",Ezoic,"Carlsbad, CA",https://stackoverflow.com/jobs/427867
"Senior Software Engineer - Go, Vue.js, Machine Learning",Ezoic,"Carlsbad, CA",https://stackoverflow.com/jobs/427866
Frontend Javascript SPA Developer Vue.js (m/f/d),ThinxNet GmbH,"München, Deutschland",https://stackoverflow.com/jobs/415209
Full stack ASP.NET Core and VueJS Developer,Facility Wizard Software Incorporated d/b/a Wizard Software Solutions,"Chicago, IL",https://stackoverflow.com/jobs/456315
Senior Front-end Developer (Vue.js) - Remote,Insider,No office location,https://stackoverflow.com/jobs/456300
Fullstack Developer Laravel / Vue,AirLST GmbH,"München, Deutschland",https://stackoverflow.com/jobs/261736
Frontend Developer (Vue.js) (m/w/d),Peek & Cloppenburg KG Düsseldorf,"Düsseldorf, Deutschland",https://stackoverflow.com/jobs/447396
Senior VueJS FE Developer,Cycloid,No office location,https://stackoverflow.com/jobs/457236
Principal Front-End Engineer - Team Lead (Vue.js),Corsearch,"Amsterdam, Netherlands",https://stackoverflow.com/jobs/412440
Mid Senior VueJS Frontend dev (remote friendly),Cycloid,"Paris, France",https://stackoverflow.com/jobs/457234
"Magento Developer (GraphQL, VueJS, Laravel) Office or Remote",Limesharp,"Auckland, New Zealand",https://stackoverflow.com/jobs/462636
Sr Full Stack Systems Architect (Angular/Vue.js/React),HaysviaHays PLC,"Raleigh, NC",https://stackoverflow.com/jobs/373017
"Senior Frontend Developer interested in React, Vue or Svelte",5 Monkeys Agency AB,"Stockholm, Sweden",https://stackoverflow.com/jobs/443605
Senior full stack developer (Azure/.NET core/VueJs/Typescript),33reasons,No office location,https://stackoverflow.com/jobs/453423
"(Senior) Webentwickler (m/w/d) JavaScript, Vue.js mit Schwerpunkt eCommerce",auteon GmbH,"München, Deutschland",https://stackoverflow.com/jobs/460977
Senior Full-Stack PHP Developer,GeoPhy,"New York, NY",https://stackoverflow.com/jobs/468733
"Senior Full Stack Developer - Java/Spring, React/Angular/Vue",AfiliasviaHays PLC,No office location,https://stackoverflow.com/jobs/471374
"(Senior) Webentwickler (m/w/d) JavaScript, React und/oder Vue.js",auteon GmbH,"München, Deutschland",https://stackoverflow.com/jobs/460981
Frontend Software Engineer,MindDoc Health GmbH,"München, Germany",https://stackoverflow.com/jobs/430334
Senior Full-Stack PHP Developer,GeoPhy,"The Hague, Netherlands",https://stackoverflow.com/jobs/468734
Senior Front-End Developer (m/f/d) - for legal tech startup in Berlin,DataGuard,"Berlin, Deutschland",https://stackoverflow.com/jobs/463805
Full-Stack Web Developer Java,WPS Management GmbH,"Paderborn, Deutschland",https://stackoverflow.com/jobs/125395
Full Stack Software Engineer,Captivation Software,"Fort Meade, MD",https://stackoverflow.com/jobs/449508
Demodesk - Full-Stack Engineer Video Conferencing & Screen Sharing,Demodesk,"Munich, Germany",https://stackoverflow.com/jobs/413458
Senior Front-End Developer (m/f/d) - for legal tech startup in Munich,DataGuard,"München, Deutschland",https://stackoverflow.com/jobs/281206
Frontend Developer to build the leading Platform for ML,Hugging Face,"Paris, France",https://stackoverflow.com/jobs/448344
Front - End Developer (All Level),TOP Jobs Front - End Developers in VietnamviaTopDev,"Ho Chi Minh City, Vietnam",https://stackoverflow.com/jobs/447872
Full-stack developer for Soho digital agency,Tui Media,"London, UK",https://stackoverflow.com/jobs/468490
Full-Stack .NET Developer,CyrusOne Management Services LLC.,No office location,https://stackoverflow.com/jobs/472558
Lead Software Engineer - Game Optimization Platform,Voodoo.io,"Paris, France",https://stackoverflow.com/jobs/410368
Full-Stack .NET Engineer,MediKeeper,"San Diego, CA",https://stackoverflow.com/jobs/422397
Web Frontend Developer with an eye for professional user experience (m/f/d),Ergosign,"Saarbrücken, Deutschland",https://stackoverflow.com/jobs/456766
Javascript Developer,OliBank,"Buenos Aires, Argentina",https://stackoverflow.com/jobs/450538
Full-Stack Web-Entwickler (m/w/d),RheinEnergie AG,"Köln, Deutschland",https://stackoverflow.com/jobs/383518
Lead Software Engineer - Publishing Platform,Voodoo.io,"Paris, France",https://stackoverflow.com/jobs/410369
Senior Front End Developer,Ezra,"Toronto, ON, Canada",https://stackoverflow.com/jobs/442192
"Frontend Software Engineer. Evangelist. Enthusiast (Java Script, HTML5) (m/f/x)",financial.com AG,"München, Deutschland",https://stackoverflow.com/jobs/285784
Software Developer,ECR Software Corp.,"Boone, NC",https://stackoverflow.com/jobs/468534
Javascript Developer,OliBank,No office location,https://stackoverflow.com/jobs/465276
Front End Designer/Developer,L2P Enterprise Ltd,No office location,https://stackoverflow.com/jobs/432527
Frontend Developer,"Frotcom International, S.A.","Carnaxide, Portugal",https://stackoverflow.com/jobs/441402
Software Developer,ECR Software Corp.,"Boone, NC",https://stackoverflow.com/jobs/468534
Full Stack Developer,OpsTalent,No office location,https://stackoverflow.com/jobs/463551
Full-Stack Developer (f/m/d) - Core Engineering Team,Receeve GmbH,"Hamburg, Germany",https://stackoverflow.com/jobs/351277
Javascript Developer,OliBank,No office location,https://stackoverflow.com/jobs/465276
Front End Designer/Developer,L2P Enterprise Ltd,No office location,https://stackoverflow.com/jobs/432527
Front-End Developer,Jumbo Supermarkets,"Veghel, Netherlands",https://stackoverflow.com/jobs/468925
Senior Javascript Software Engineer,Dashlane,"Lisbon, Portugal",https://stackoverflow.com/jobs/441798
Web Frontend Developer with an eye for professional user experience (m/f/d),Ergosign,"Hamburg, Deutschland",https://stackoverflow.com/jobs/456764
Senior Frontend Developer (f/m/d),CA Customer Alliance GmbH,"Berlin, Germany",https://stackoverflow.com/jobs/421024
Frontend Engineer - Working Student (m/f/d),Motius GmbH,"München, Deutschland",https://stackoverflow.com/jobs/456519
FinTech Developer,OliBank,No office location,https://stackoverflow.com/jobs/465277
Solution Architect,Enovational,"Washington, DC",https://stackoverflow.com/jobs/420637
senior front-end javascript developer,Cygni,"Amsterdam, Netherlands",https://stackoverflow.com/jobs/447954
DevOps Engineer,Youtility Solar,"Woods Cross, UT",https://stackoverflow.com/jobs/409581
Frontend Developer,ABOUT YOU GmbH,"Hamburg, Deutschland",https://stackoverflow.com/jobs/304349
Front-End Software Engineer,HENNGE K.K.,"Tokyo, Japan",https://stackoverflow.com/jobs/381280
"Software Engineer, Front End",Forward,"San Francisco, CA",https://stackoverflow.com/jobs/345270
Fullstack Web Developer,Smart Energy Lab,"Lisbon, Portugal",https://stackoverflow.com/jobs/465125
Mid-Level Software Engineer (Cloud),Total Defense,No office location,https://stackoverflow.com/jobs/468077
Framtunga utvecklare till Cygni,Cygni,"Stockholm, Sweden",https://stackoverflow.com/jobs/447407
Mid-Senior Frontend Developer,MediXall.com,"Fort Lauderdale, FL",https://stackoverflow.com/jobs/406266
Frontend Web Developer (m/w/d),EyeC GmbH,"Hamburg, Deutschland",https://stackoverflow.com/jobs/408135
Frontend Engineer,ThetaCore,"Lehi, UT",https://stackoverflow.com/jobs/471616
PHP Entwickler (Backend oder Full Stack)(m/w/d),WunschGutschein,"Düsseldorf, Deutschland",https://stackoverflow.com/jobs/365530
Senior Front-End Engineer,Active Theory,No office location,https://stackoverflow.com/jobs/450543
Full Stack Developer (f/m/x) for Social Fintech Startup in Hamburg,Tomorrow GmbH,"Hamburg, Deutschland",https://stackoverflow.com/jobs/465583
Mid-Level Software Engineer (Cloud),Total Defense,No office location,https://stackoverflow.com/jobs/468077
Full Stack Developer Mobile Gaming (m/w/d),Lotum GmbH,"Bad Nauheim, Deutschland",https://stackoverflow.com/jobs/372990
Demodesk - Full-Stack Engineer in Assistant Team,Demodesk,"München, Germany",https://stackoverflow.com/jobs/450398
Mid-Level Javascript & PHP Entwickler(in) für spannende Webapplikationen,4eyes GmbH,"Basel, Schweiz",https://stackoverflow.com/jobs/420062
Front End Developer,YouGov,No office location,https://stackoverflow.com/jobs/469751
Senior Frontend Entwickler (m/w/d),DreamIT GmbHviaHays PLC,"Hamburg, Germany",https://stackoverflow.com/jobs/419244
Senior Front-End Developer,GeoPhy,"The Hague, Netherlands",https://stackoverflow.com/jobs/468732
DevOps Engineer Hypotheken,NN Group N.V.,"Den Haag, Netherlands",https://stackoverflow.com/jobs/461312
Front-end Engineer【Full-Remote work in Japan】,PayPay Corporation.,"Minato City, Japan",https://stackoverflow.com/jobs/292635
Senior Frontend Developer,Parkside,"Graz, Österreich",https://stackoverflow.com/jobs/466270
Full Stack Software Engineer (f/m/d),ArcaScience,"Paris, France",https://stackoverflow.com/jobs/456292
Senior Web Developer,Beast Code,"Fort Walton Beach, FL",https://stackoverflow.com/jobs/219673
"Frontend Developer (m/w/d) in Leipzig, Halle (Saale) oder Dresden",Relaxdays GmbH,"Leipzig, Deutschland",https://stackoverflow.com/jobs/433898
Senior Frontend Engineer (m/w/d),grandcentrix GmbH,"Köln, Deutschland",https://stackoverflow.com/jobs/383558
Développeur full-stack,GO2ROUES,"Bordeaux, France",https://stackoverflow.com/jobs/407409
Staff Engineer to Lead Web Platform Development,Embark Vet,"Boston, MA",https://stackoverflow.com/jobs/456831
Senior Web Engineer,Blinkist,"Berlin, Germany",https://stackoverflow.com/jobs/466841
Frontend-/ UI-Entwickler (w/m/d),INFORM - Institut für Operations Research und Management GmbH,"Aachen, Deutschland",https://stackoverflow.com/jobs/458152
Front End/ Back End Software Developer,Supplycart Technologies Sdn Bhd,No office location,https://stackoverflow.com/jobs/430217
Senior Front-end Engineer,MedExpress Enterprises Ltd,"London, UK",https://stackoverflow.com/jobs/438811
Frontend Developer,Squla,"Amsterdam, Netherlands",https://stackoverflow.com/jobs/454638
Front-End Developer,Digidentity,"Den Haag, Netherlands",https://stackoverflow.com/jobs/305537
Senior UI Developer,ThinkIQ,"Aliso Viejo, CA",https://stackoverflow.com/jobs/440504
Senior Frontend Engineer (m/w/x) - remote possible,Jimdo,"Hamburg, Germany",https://stackoverflow.com/jobs/460639
Frontend Developer,Squla,"Amsterdam, Netherlands",https://stackoverflow.com/jobs/454638
Senior UI Developer,ThinkIQ,"Aliso Viejo, CA",https://stackoverflow.com/jobs/440504
Front-End Developer | Junior Consultant,Accenture Italy,No office location,https://stackoverflow.com/jobs/456302
(Senior) Web/Mobile Developer (m/w/d),Lotum GmbH,"Frankfurt am Main, Deutschland",https://stackoverflow.com/jobs/372988
"Enterprise Software Engineer – Java, Spring Framework, React.js (m/f/d)",ProSiebenSat.1 Media SE,"München, Deutschland",https://stackoverflow.com/jobs/465982
Frontend Engineer,Penn Interactive Ventures,"Philadelphia, PA",https://stackoverflow.com/jobs/471647
フロントエンドエンジニア,HENNGE K.K.,"Tokyo, Japan",https://stackoverflow.com/jobs/381284
Frontend Developer,AirLST GmbH,"München, Deutschland",https://stackoverflow.com/jobs/304709
Lead Front-End Web Engineer,LiveSurface,No office location,https://stackoverflow.com/jobs/460777
Frontend Developer,European Molecular Biology Laboratory (EMBL),"Heidelberg, Deutschland",https://stackoverflow.com/jobs/465577
FRONTEND-ENTWICKLER (M/W/D),Albert Bauer Digital GmbH & Co KG,"Hamburg, Deutschland",https://stackoverflow.com/jobs/467108
Développeuse / Développeur Full Stack (JavaScript) - Paris,Zenika,"Paris, France",https://stackoverflow.com/jobs/371046
Full Stack Engineer | digital healthcare enabling 3D-printed orthopedic implants,TOKA MedTech / 3D Metal PrintingviaTechfolk Ltd,"Bath, UK",https://stackoverflow.com/jobs/455190
Senior Frontend Engineer,Voodoo.io,"Paris, France",https://stackoverflow.com/jobs/430364
Full Stack Developer,ABOUT YOU GmbH,"Hamburg, Deutschland",https://stackoverflow.com/jobs/355747
Lead Frontend Engineer,Agrando,"München, Germany",https://stackoverflow.com/jobs/383568
Senior Software Developer,HawkSoft,No office location,https://stackoverflow.com/jobs/444716
Full-Stack Web Developer,Bullseye Media LLC,"Minneapolis, MN",https://stackoverflow.com/jobs/424985
Senior Frontend Engineer,Ofload,No office location,https://stackoverflow.com/jobs/401723
Senior Frontend Developer (m/w/d),Neofonie,"Berlin, Deutschland",https://stackoverflow.com/jobs/399676
Java Entwickler (m/w/d),MT AG - enabling the adaptive enterprise,"Ratingen, Deutschland",https://stackoverflow.com/jobs/338095
Sr. Cloud Engineer (GCP) DevOps,Harlem Next,"Haarlem, Netherlands",https://stackoverflow.com/jobs/423490
Senior Full Stack Engineer (Remote OR NYC),Noom,"New York, NY",https://stackoverflow.com/jobs/283522
Front End Engineer,ReCharge Payments,No office location,https://stackoverflow.com/jobs/469141
Apple Media Products - UI Engineer,Apple,"Cupertino, CA",https://stackoverflow.com/jobs/456791
"Developer, Clean Code Evangelist – Java, Spring Framework, Angular (m/f/d)",ProSiebenSat.1 Media SE,"München, Deutschland",https://stackoverflow.com/jobs/465985
Full Stack PHP Web Developer,"Outreach, Inc.","Colorado Springs, CO",https://stackoverflow.com/jobs/364886
Fullstack Software Developer (Java/JavaScript) (m/w/d),FTAPI Software GmbH,"München, Deutschland",https://stackoverflow.com/jobs/217452
Senior Fullstack Developer - Polyglot with focus on PHP and JavaScript (m/f/d),social sweethearts® GmbH,"München, Deutschland",https://stackoverflow.com/jobs/456726
Frontend Developer e-Commerce (f/m/d) (based in Germany),LILLYDOO GmbH,No office location,https://stackoverflow.com/jobs/240569
TECH LEAD (F/H),Octo Technology,"Paris, France",https://stackoverflow.com/jobs/445447
Senior Full Stack Engineer - Cyber Security,Myra Security GmbH,"München, Deutschland",https://stackoverflow.com/jobs/466848
Full Stack Programmer,Springs Charter Schools,"Temecula, CA",https://stackoverflow.com/jobs/458648
Senior Front-End Engineer,Jibble,No office location,https://stackoverflow.com/jobs/468712
Frontend Developer (m/f/d),WPS Management GmbH,"Paderborn, Deutschland",https://stackoverflow.com/jobs/293572
Senior UI Engineer,Keelvar,"Cork, Ireland",https://stackoverflow.com/jobs/462209
Full Stack Developer (80%-100%),onstructive GmbH,"Winterthur, Schweiz",https://stackoverflow.com/jobs/405894
"Développeuse / Développeur Full Stack (Java, Angular) - Paris",Zenika,"Paris, France",https://stackoverflow.com/jobs/352667
Développeur C# / .NET H/F – Poste CDI – Lille,SkillValue,"Lille, France",https://stackoverflow.com/jobs/395711
Senior Full Stack Developer,Servian,"Brisbane City, Australia",https://stackoverflow.com/jobs/427870
Senior Frontend Developer,"Stacklet, Inc.",No office location,https://stackoverflow.com/jobs/423281
"Backend Developer PHP (m/w/d) in Leipzig, Halle (Saale) oder Dresden",Relaxdays GmbH,"Leipzig, Deutschland",https://stackoverflow.com/jobs/433896
Java Software Engineer,Practichem,No office location,https://stackoverflow.com/jobs/454944
Senior Software Architect,Practichem,No office location,https://stackoverflow.com/jobs/457036
"Backend Developer C# (w/m/d) in Leipzig, Halle (Saale) oder Dresden",Relaxdays GmbH,"Leipzig, Deutschland",https://stackoverflow.com/jobs/433895
Apple Media Products Engineering- Analytics UI Frameworks,Apple,"Cupertino, CA",https://stackoverflow.com/jobs/418196
Senior Full-Stack Developer Javascript (m/f/d),e-bot7 GmbH,"München, Deutschland",https://stackoverflow.com/jobs/463929
Apple Media Products Engineering - Analytics UI Frameworks,Apple,"Cupertino, CA",https://stackoverflow.com/jobs/471535
Salesforce Apex Developer,LeadIQ,Singapore,https://stackoverflow.com/jobs/422622
Backend Developer,Sofía,"Mexico City, Mexico",https://stackoverflow.com/jobs/255373
Lead JavaScript Full Stack Engineer,"Full Beaker, Inc.","Bellevue, WA",https://stackoverflow.com/jobs/461412
Full-stack Software Engineer,Otta,"London, UK",https://stackoverflow.com/jobs/462207
Project Manager,LeadIQ,Singapore,https://stackoverflow.com/jobs/422625
Full Stack Software Developer - Java (all genders) Full-/Part-time,Accenture DACH,"Zürich, Switzerland",https://stackoverflow.com/jobs/391300
Data Engineer,Sytac IT Consulting,"Amsterdam, Netherlands",https://stackoverflow.com/jobs/431625
"Full Stack Engineer ( Node,React,Typescript)",Modus Create,No office location,https://stackoverflow.com/jobs/472395
Senior Java Developer who wants to make a difference!,O'Reilly Auto Parts,No office location,https://stackoverflow.com/jobs/130997
Fullstack Developer,chess24,"Hamburg, Germany",https://stackoverflow.com/jobs/455005
Front-End Developer (JavaScript/HTML/CSS),Adopt-a-Pet.com,"Claremont, CA",https://stackoverflow.com/jobs/471195
Full Stack Software Engineer (all genders),Zühlke Engineering Austria,"Wien, Austria",https://stackoverflow.com/jobs/454632
Front-End (Angular/React) and Node JS Backend – Senior Developer,Wipro Digital,"Bengaluru, India",https://stackoverflow.com/jobs/424505
"Architect (Node, React) - Remote US",Modus Create,No office location,https://stackoverflow.com/jobs/471618
Senior Full-Stack Engineer,"Made Market, Inc.","Santa Monica, CA",https://stackoverflow.com/jobs/456324
Junior Software Engineer for Micro Frontends,smapiot,"München, Germany",https://stackoverflow.com/jobs/278008
Full-Stack Software Engineer (m/f/d),Covestro Deutschland AG,"Leverkusen, Deutschland",https://stackoverflow.com/jobs/417429
Front-End Web Developer (all genders) Full-/Part-time,Accenture DACH,"Frankfurt, Germany",https://stackoverflow.com/jobs/391299
Data Products Backend Developer (m/f/d),UNIVERSAL MUSIC ENTERTAINMENT GMBH,"Berlin, Deutschland",https://stackoverflow.com/jobs/460484
Senior Software Engineer (React/Java),Pinnacle 21,"Blue Bell, PA",https://stackoverflow.com/jobs/262299
Full Stack Developer,Mullvad VPN,"Gothenburg, Sweden",https://stackoverflow.com/jobs/448302
Senior/Lead Software Engineer,CV Partner,"London, UK",https://stackoverflow.com/jobs/471140
Software Architect,Decodify.me LLC,No office location,https://stackoverflow.com/jobs/443400
Software Developer (gn) JavaScript,4Com GmbH & Co. KG,"Hamm, Deutschland",https://stackoverflow.com/jobs/466451
Senior Full-Stack Developer (m/f/d) for Berlin based MVP Startup,Venture Leap GmbH,"Berlin, Deutschland",https://stackoverflow.com/jobs/388231
Software Developer (backend),ValueWorks GmbH,No office location,https://stackoverflow.com/jobs/451959
Full Stack Javascript Software Engineer,SDVI,No office location,https://stackoverflow.com/jobs/254207
Software Developer (backend),ValueWorks GmbH,No office location,https://stackoverflow.com/jobs/451959
Senior Node.js Full-stack Developer,MarsBased,No office location,https://stackoverflow.com/jobs/450345
Java (Kotlin) Spring Boot Microservices AWS Backend Engineer (m/f/x),"AVANTGARDE - ""Creating Fans""","Berlin, Deutschland",https://stackoverflow.com/jobs/276892
Backend developer to build robust systems with Kotlin,Shape A/S,"København, Denmark",https://stackoverflow.com/jobs/370009
Mid-Senior Software Engineer ~ Big Data Solutions,Lean Media,"Chesterfield, MO",https://stackoverflow.com/jobs/271865
Full Stack Engineer at Sellpy,Sellpy,"Stockholm, Sweden",https://stackoverflow.com/jobs/456515
*REMOTE* Senior Kotlin (Java) Backend Engineer (m/w/d) TVNOW Streaming Plattform,"AVANTGARDE - ""Creating Fans""",No office location,https://stackoverflow.com/jobs/468935
Software Engineer (Full Stack),Fei Siong Food Management Pte. Ltd.,Singapore,https://stackoverflow.com/jobs/422615
Lead Data Scientist (m/f/d),e-bot7 GmbH,"München, Deutschland",https://stackoverflow.com/jobs/456760
**REMOTE** (Solution) Architect (m/w/d) TVNOW Streaming Plattform,"AVANTGARDE - ""Creating Fans""",No office location,https://stackoverflow.com/jobs/468933
Lead Front End Engineer,"Chewy, Inc.","Minneapolis, MN",https://stackoverflow.com/jobs/465989
Senior Software Engineer - Frontend (Remote),Web Summit,"Dublin 6, Ireland",https://stackoverflow.com/jobs/289346
"Senior Frontend Software Engineer -- East Bay, Austin, U.S. Remote",Underline,No office location,https://stackoverflow.com/jobs/423274
"Fullstack Software Engineer (JavaScript, Python)",F-Secure,"Poznań, Poland",https://stackoverflow.com/jobs/470808
Lead Front End Engineer,"Chewy, Inc.","Boston, MA",https://stackoverflow.com/jobs/465981
Senior Software Engineer,uShip,"Austin, TX",https://stackoverflow.com/jobs/451415
Lead Full-Stack Web Developer,Evercast,No office location,https://stackoverflow.com/jobs/462521
Lead Software Engineer - Join our growing team of 30+ software engineers,Tails.com,"Richmond, UK",https://stackoverflow.com/jobs/391983
Senior Frontend Engineer (m|w|x) - Product Discovery,idealo internet GmbH,"Berlin, Deutschland",https://stackoverflow.com/jobs/462517
Full Stack Developer (SNPS) - Build platforms at national scale,Government Technology Agency of Singapore,Singapore,https://stackoverflow.com/jobs/409515
.NET Software Engineer,"Tivix, Inc.","Wrocław, Poland",https://stackoverflow.com/jobs/420644
Staff Software Engineer (Node),"Jack Henry & Associates, Inc.®",No office location,https://stackoverflow.com/jobs/471201
Backend Engineer - Working Student (m/f/d),Motius GmbH,"München, Deutschland",https://stackoverflow.com/jobs/456520
Hackers wanted - Software Engineers (m/f/d) & Machine Learning Experts (m/f/d),freiheit.com technologies gmbh,"Lissabon, Portugal",https://stackoverflow.com/jobs/254089
Senior Backend Engineer (Python/Django),Financial Technology Partners,"San Francisco, CA",https://stackoverflow.com/jobs/446918
Senior Frontend Software Engineer,Circle,No office location,https://stackoverflow.com/jobs/472179
Staff Software Engineer (Node),"Jack Henry & Associates, Inc.®",No office location,https://stackoverflow.com/jobs/471201
Backend Engineer - Working Student (m/f/d),Motius GmbH,"München, Deutschland",https://stackoverflow.com/jobs/456520
"Software Engineer, Frontend",Mastt Australia Pty Ltd,"Sydney, Australia",https://stackoverflow.com/jobs/467686
Senior Software Engineer,uShip,"Austin, TX",https://stackoverflow.com/jobs/451415
Front-End Developer (m/f/d) for Berlin-based MVP Startup,Venture Leap GmbH,"Berlin, Deutschland",https://stackoverflow.com/jobs/424948
"Software Engineer (Remote Only, US)",Osso VR,No office location,https://stackoverflow.com/jobs/462304
Java Software-Entwickler (m/w/d),anderScore GmbH,"Köln, Deutschland",https://stackoverflow.com/jobs/408473
Join us in our Sustainable Energy revolution as a Senior backend developer,The Sustainables BV,"Amsterdam, Netherlands",https://stackoverflow.com/jobs/457962
Software Engineering Lead,"JPMorgan Chase Bank, N.A.","Columbus, OH",https://stackoverflow.com/jobs/472646
Senior Frontend Software Engineer,Circle,No office location,https://stackoverflow.com/jobs/472183
Senior Frontend Software Engineer,Circle,No office location,https://stackoverflow.com/jobs/472184
Hackers wanted-Looking for a Senior Developer (m/f/d) with Team Lead Experience!,freiheit.com technologies gmbh,"Lissabon, Portugal",https://stackoverflow.com/jobs/197741
Hackers wanted - Software Engineers (m/f/d) & Machine Learning Experts (m/f/d),freiheit.com technologies gmbh,"Hamburg, Deutschland",https://stackoverflow.com/jobs/165266
Java Entwickler*in (m/w/d),GFT Deutschland,"Eschborn, Deutschland",https://stackoverflow.com/jobs/393531
Hackers wanted-Looking for a Senior Developer (m/f/d) with Team Lead Experience!,freiheit.com technologies gmbh,"Hamburg, Deutschland",https://stackoverflow.com/jobs/91520
JavaScript Engineer for our ecommerce storefront  (f/m/d),ePages GmbH,"Hamburg, Germany",https://stackoverflow.com/jobs/123431
Digital-Senior Software/Lead Engineer-System Infra,FactSet,"Hyderabad, India",https://stackoverflow.com/jobs/461321
Senior Frontend Software Engineer,Circle,No office location,https://stackoverflow.com/jobs/472180
Senior Frontend Software Engineer,Circle,No office location,https://stackoverflow.com/jobs/472181
Senior Software Engineer,Patch.com,"New York, NY",https://stackoverflow.com/jobs/394309
Lead Software Engineer,Unscene,"Tokyo, Japan",https://stackoverflow.com/jobs/469332
Senior Full Stack Software Engineer,"System Concepts, Inc.","Scottsdale, AZ",https://stackoverflow.com/jobs/204563
Senior Java Software Engineer,AIR MILES,"Toronto, ON, Canada",https://stackoverflow.com/jobs/394502
"Lead Polyglot Software Engineers – TDD, XP, JavaScript",Pragmateam,"Sydney, Australia",https://stackoverflow.com/jobs/459520
Full Stack Engineer,causaLens,"London, UK",https://stackoverflow.com/jobs/468461
Software Engineer,IPD Analytics,"Miami, FL",https://stackoverflow.com/jobs/347671
Full Stack Software Engineer - Mobile Healthcare,Medsphere,No office location,https://stackoverflow.com/jobs/406291
.Net Full Stack developer (m/w/d),EyeC GmbH,"Hamburg, Deutschland",https://stackoverflow.com/jobs/408138
Full Stack PHP Developer,OSEviaHays PLC,"Brisbane, Australia",https://stackoverflow.com/jobs/466799
Full Stack Software Developer - IoT (w/m/d) 80-100%,Husqvarna Schweiz AG,"Zürich, Schweiz",https://stackoverflow.com/jobs/401351
Front-End Software Engineer,Mimacom,"Zürich, Switzerland",https://stackoverflow.com/jobs/412730
PHP Developer (JavaScript/HTML/and CSS),HaysviaHays PLC,"Raleigh, NC",https://stackoverflow.com/jobs/373020
Senior Software Engineer,Patch.com,"New York, NY",https://stackoverflow.com/jobs/394309
Senior Software Engineer,Marks & Spencer,"London, UK",https://stackoverflow.com/jobs/463985
Fullstack Software Engineer (Java) - Hong Kong,Zuhlke Engineering Hongkong,Hong Kong,https://stackoverflow.com/jobs/454966
Mid- / Senior PHP Web Developer,Energy Gruppe Schweiz,"Zürich, Switzerland",https://stackoverflow.com/jobs/371108
Mid-Senior Backend Developer,MediXall.com,"Fort Lauderdale, FL",https://stackoverflow.com/jobs/406265
Senior Back-end / Ruby on Rails Developer,iubenda,"Milan, Italy",https://stackoverflow.com/jobs/445818
Senior Software Engineer (Cloud Native),Nexthink,"Boston, MA",https://stackoverflow.com/jobs/469365
"Software Engineer – Java, Spring Framework, Docker, AWS (m/f/d)",ProSiebenSat.1 Media SE,"München, Deutschland",https://stackoverflow.com/jobs/465984
Software Engineer,FactSet,"Norwalk, CT",https://stackoverflow.com/jobs/460282
Fullstack Engineer,Roon Labs LLC,No office location,https://stackoverflow.com/jobs/393281
Sr. Software Engineer,VisuWell,"Chattanooga, TN",https://stackoverflow.com/jobs/274406
Front End .Net Developer,Mastercard,"Tel Aviv-Yafo, Israel",https://stackoverflow.com/jobs/465575
Episerver commerce Architect,Wipro Digital,"Bengaluru, India",https://stackoverflow.com/jobs/472424
Senior Backend Engineer (m/f/d) - Node.js,Motius GmbH,"München, Deutschland",https://stackoverflow.com/jobs/433911
E-Commerce Software-Entwickler Full-Stack (M/W/D),POET GmbH,"Karlsruhe, Deutschland",https://stackoverflow.com/jobs/417417
Workingstudent Tech & Engineering,Limehome GmbH,"München, Germany",https://stackoverflow.com/jobs/408795
Episerver commerce Architect,Wipro Digital,"Bengaluru, India",https://stackoverflow.com/jobs/472424
Senior Frontend Engineer (f/m/d),keylight GmbH,"Berlin, Germany",https://stackoverflow.com/jobs/127921
Sr. Front End Engineer,ZverseviaTechCXO,No office location,https://stackoverflow.com/jobs/462811
Fullstack Engineer,Roon Labs LLC,No office location,https://stackoverflow.com/jobs/393281
Front End .Net Developer,Mastercard,"Tel Aviv-Yafo, Israel",https://stackoverflow.com/jobs/465575
Senior Java Engineer - Customer Service Technology,"Chewy, Inc.","Dania Beach, FL",https://stackoverflow.com/jobs/459788
Softwareentwickler (m/w/d),AM GmbH,"Hamburg, Deutschland",https://stackoverflow.com/jobs/380999
Développeur PHP/Symfony (H/F),CAPGEMINI FRANCE,"Issy-les-Moulineaux, France",https://stackoverflow.com/jobs/468278
Frontend Web Engineer,Skillhouse Staffing Solutions,"Tokyo, Japan",https://stackoverflow.com/jobs/470540
Workingstudent Tech & Engineering,Limehome GmbH,"München, Germany",https://stackoverflow.com/jobs/408795
Backend PHP developer with Dev-Ops skillset,Enrise,"Amersfoort, Netherlands",https://stackoverflow.com/jobs/447388
E-Commerce Software-Entwickler Full-Stack (M/W/D),POET GmbH,"Karlsruhe, Deutschland",https://stackoverflow.com/jobs/417417
Frontend Entwickler (m/w/d),OGS Gesellschaft für Datenverarbeitung und Systemberatung mbH,"Koblenz, Deutschland",https://stackoverflow.com/jobs/456252
Senior Frontend Developer,AIR MILES,"Toronto, ON, Canada",https://stackoverflow.com/jobs/431238
Back End Developer,Mastercard,"Tel Aviv-Yafo, Israel",https://stackoverflow.com/jobs/465576
Senior Backend Engineer (m/f/d) - Node.js,Motius GmbH,"München, Deutschland",https://stackoverflow.com/jobs/433911
PHP Developer (w/*/m),queo GmbH,"Dresden, Deutschland",https://stackoverflow.com/jobs/399160
.Net Software Developer,eDerm Systems,"Boca Raton, FL",https://stackoverflow.com/jobs/357993
Senior Java Engineer - Customer Service Technology,"Chewy, Inc.","Boston, MA",https://stackoverflow.com/jobs/459782
Senior Java Engineer - Customer Service Technology,"Chewy, Inc.","Minneapolis, MN",https://stackoverflow.com/jobs/459786
Sr. Full Stack Software Engineer,Higher Logic,No office location,https://stackoverflow.com/jobs/453726
Senior Full Stack Developer,Dyson,"Bristol, UK",https://stackoverflow.com/jobs/363120
Tech Lead in a Danish Web app Department,Peytz & Co A/S,"Copenhagen, Denmark",https://stackoverflow.com/jobs/401362
Senior Full Stack JavaScript Developer - Remote,Upstack,No office location,https://stackoverflow.com/jobs/422075
Senior Back-End Engineer,Jibble,No office location,https://stackoverflow.com/jobs/468713
Java Software Engineer - ATM Technology,"JPMorgan Chase Bank, N.A.","Westerville, OH",https://stackoverflow.com/jobs/465304
Senior Full Stack JavaScript Developer - Remote,Upstack,No office location,https://stackoverflow.com/jobs/422075
"Full-Stack Web Developer, Full-Time Job – Bucharest",SkillValue,"Bucharest, Romania",https://stackoverflow.com/jobs/460150
DevSecOps Engineer,BrainGu,"Fayetteville, NC",https://stackoverflow.com/jobs/423179
Webfejlesztő,UNIQA Raiffeisen Software Service Kft.,"Budapest, Ungarn",https://stackoverflow.com/jobs/374734
Front-end Software Engineer,Dentally,No office location,https://stackoverflow.com/jobs/463631
Frontend Developer (m/w/d),neteleven GmbH,"München, Deutschland",https://stackoverflow.com/jobs/472014
Senior Front End Engineer UI/UX,"GridUnity, Inc",No office location,https://stackoverflow.com/jobs/472039
Frontend Engineer,"GridUnity, Inc","Boston, MA",https://stackoverflow.com/jobs/400405
Experienced Java Web Developer,Cloudflight GmbH,"Linz, Austria",https://stackoverflow.com/jobs/466824
Lead Developer Ruby on Rails (m/f/div),PAIR Finance GmbH,"Berlin, Deutschland",https://stackoverflow.com/jobs/303965
Full Stack Developer (Java/AWS),F-Secure,"Poznań, Poland",https://stackoverflow.com/jobs/416126
Lead Development Engineer,Mastercard,"Tel Aviv-Yafo, Israel",https://stackoverflow.com/jobs/465579
Senior Software Engineer (f/m/d) Angular,Verivox GmbH,"Heidelberg, Deutschland",https://stackoverflow.com/jobs/165583
Senior Software Engineer C#/.NET/JavaScript,Sinara Consultants Limited,"London, UK",https://stackoverflow.com/jobs/437583
Frontend Web Developer,T-Bone Productions,"Sydney, Australia",https://stackoverflow.com/jobs/147675
Front-End Developer,KBMax,"Austin, TX",https://stackoverflow.com/jobs/468520
Senior Back-End Engineer,Jibble,No office location,https://stackoverflow.com/jobs/468713
"Software-Entwickler für cloud-native Anwendungen, Full-Stack",Paessler AG,No office location,https://stackoverflow.com/jobs/412301
"Senior .NET Developer - C#, RESTful, Angular, React (Senior, Remote)",TopDevz,No office location,https://stackoverflow.com/jobs/467800
Sr Front End Developer (Angular / React),HaysviaHays PLC,"Orlando, FL",https://stackoverflow.com/jobs/373234
Java Developer with a lot of freedom in your job,TOPdesk,"Delft, Netherlands",https://stackoverflow.com/jobs/425992
Senior Java fejlesztő,UNIQA Raiffeisen Software Service Kft.,"Budapest, Ungarn",https://stackoverflow.com/jobs/373188
Serverless DevOps Engineer - REMOTE,ParOne,No office location,https://stackoverflow.com/jobs/457959
Senior User Experience Software Engineer,"JPMorgan Chase Bank, N.A.","Jersey City, NJ",https://stackoverflow.com/jobs/471798
Softwareentwickler - C# (m/w/d),Hahn Softwareentwicklung,"Maxhütte-Haidhof, Deutschland",https://stackoverflow.com/jobs/338764
"Microservices DevOps Engineer – Java, Spring Framework, Docker (m/f/d)",ProSiebenSat.1 Media SE,"München, Deutschland",https://stackoverflow.com/jobs/465983
Front-End Developer,KBMax,"Austin, TX",https://stackoverflow.com/jobs/468520
Frontend Engineer (m/f/d),MobiLab Solutions,"Köln, Germany",https://stackoverflow.com/jobs/424234
Software Entwickler Java (w/m/x),RegioHelden GmbH,"Köln, Deutschland",https://stackoverflow.com/jobs/450821
Erfahrener Web-Entwickler (m/w/d) für den IServ Schulserver,IServ GmbH,"Braunschweig, Deutschland",https://stackoverflow.com/jobs/408160
Sr Front End Developer (Angular / React),HaysviaHays PLC,"Orlando, FL",https://stackoverflow.com/jobs/368896
Senior Front End Developer,KOHO,No office location,https://stackoverflow.com/jobs/459781
iOS Engineer,Durstexpress GmbH,"Berlin, Germany",https://stackoverflow.com/jobs/364025
Senior Software Architekt (m/w/d) mit Option auf stellv. Teamleitung,Meierhofer AG,"München, Deutschland",https://stackoverflow.com/jobs/465084
Senior Fullstack Developer - Java / Kotlin / Javascript,teckro,"Dublin 2, Ireland",https://stackoverflow.com/jobs/401733
Software-Engineer Web Applications / Web Developer (m/w/d),BWI GmbH,"Essen, Deutschland",https://stackoverflow.com/jobs/457372
Front-end Software Engineer - Deliver citizen-centric web apps,Government Technology Agency of Singapore,Singapore,https://stackoverflow.com/jobs/408128
Software Engineer,Paf - Games Sport Casino,"Helsinki, Finland",https://stackoverflow.com/jobs/472011
Frontend Engineer,causaLens,"London, UK",https://stackoverflow.com/jobs/462390
Front-End Developer with Wordpress Expertise,"Duckpin Design, LLC.","Towson, MD",https://stackoverflow.com/jobs/468074
Ruby on Rails Full-Stack Developer,Outliant,No office location,https://stackoverflow.com/jobs/471190
Experienced Java Developer with a lot of freedom in your work,TOPdesk,"Budapest, Hungary",https://stackoverflow.com/jobs/460593
Senior Ad Tech Engineer,Patch.com,"New York, NY",https://stackoverflow.com/jobs/455777
Experienced Ruby on Rails Developer,SimplePay,"Cape Town, South Africa",https://stackoverflow.com/jobs/450851
Node.js Fullstack Developer (m/f/d),zooplus AG,"Wien, Austria",https://stackoverflow.com/jobs/465678
Team Lead / Senior Ruby on Rails Developer,springbig inc.,"Montreal, QC, Canada",https://stackoverflow.com/jobs/466427
"Full Stack Developer - Cyber Security (Java, JavaScript)",Nominet,"Oxford, UK",https://stackoverflow.com/jobs/462206
Senior Software Developer,DCSL Software Ltd,"London, UK",https://stackoverflow.com/jobs/399681
Senior Front-End Engineer (WebGL),Huddle HQ,No office location,https://stackoverflow.com/jobs/421326
Software Engineering - Java Fullstack & AWS,"JPMorgan Chase Bank, N.A.","Bengaluru, India",https://stackoverflow.com/jobs/471278
Software Engineer .NET,VX Company,"Baarn, Netherlands",https://stackoverflow.com/jobs/377088
Magento Developer,"Stockport, ManchesterviaHays PLC","Stockport, UK",https://stackoverflow.com/jobs/415833
SOFTWARE ENGINEERING MANAGER BACK-END (H/F),DECATHLON,"Croix, France",https://stackoverflow.com/jobs/454590
Frontend Engineer,causaLens,"London, UK",https://stackoverflow.com/jobs/462390
Frontend Engineer - Javascript,trivago N.V,"Düsseldorf, Germany",https://stackoverflow.com/jobs/472231
"Senior Software Developer* (Belgrade, Krusevac, Novi Sad)",3AP AG,"Beograd, Serbia",https://stackoverflow.com/jobs/237521
Front-end Developer,Triple,"Alkmaar, Netherlands",https://stackoverflow.com/jobs/407700
Software-Developer (m/f/d),TOPdesk,"Kaiserslautern, Deutschland",https://stackoverflow.com/jobs/465952
Fullstack Developer,Arweave,"Berlin, Germany",https://stackoverflow.com/jobs/350108
Solutions Engineer,Deepgram,"San Francisco, CA",https://stackoverflow.com/jobs/431389
Senior Front-End Architect,Accenture Italy,"Milan, Italy",https://stackoverflow.com/jobs/448558
Experienced Ruby on Rails Developer,SimplePay,"Cape Town, South Africa",https://stackoverflow.com/jobs/450851
"Full Stack Developer - Cyber Security (Java, JavaScript)",Nominet,"Oxford, UK",https://stackoverflow.com/jobs/462206
Front-end Engineer,InCloudCounsel,"San Francisco, CA",https://stackoverflow.com/jobs/433449
Senior Frontend Engineer - Global Contact Center (f/m/d),Delivery Hero SE,"Berlin, Germany",https://stackoverflow.com/jobs/439740
Frontend System Architect,Foshtech,"Madrid, Spain",https://stackoverflow.com/jobs/441747
Full Stack PHP Developer,DkR,"Lomazzo, Italy",https://stackoverflow.com/jobs/396797
Software Engineer - .NET / Java,"JPMorgan Chase Bank, N.A.","Columbus, OH",https://stackoverflow.com/jobs/461461
Full Stack Developer,Servian,"Sydney, Australia",https://stackoverflow.com/jobs/424942
"Fler fullstacksutvecklande Cygnianer (Node, C# eller Java)",Cygni,"Stockholm, Sweden",https://stackoverflow.com/jobs/447405
Full Stack engineers,Data Gumbo Corporation,"Houston, TX",https://stackoverflow.com/jobs/461391
PHP Full Stack Developer (f/m/d),zooplus AG,"Wien, Austria",https://stackoverflow.com/jobs/465680
Javascript Developer - Angular or Node.js,Arcanys,"Ho Chi Minh City, Vietnam",https://stackoverflow.com/jobs/243364
Backend Engineer - Location Flexible,"Volusion, LLC",No office location,https://stackoverflow.com/jobs/443235
Frontend- / UX/UI-Developer (m/w/d),Just Spices GmbH,"Düsseldorf, Deutschland",https://stackoverflow.com/jobs/428547
Software-Developer (m/f/d),TOPdesk,"Kaiserslautern, Deutschland",https://stackoverflow.com/jobs/465952
PHP Full Stack Developer (f/m/d),zooplus AG,"Wien, Austria",https://stackoverflow.com/jobs/465680
"Experienced JavaScript developer, who loves working in. Net wanted!",bwin - part of GVC group,"Vienna, Austria",https://stackoverflow.com/jobs/365459
Backend Engineer - Location Flexible,"Volusion, LLC",No office location,https://stackoverflow.com/jobs/443235
Software Engineering - Java Fullstack & AWS,"JPMorgan Chase Bank, N.A.","Bengaluru, India",https://stackoverflow.com/jobs/471278
Full Stack Wordpress Developer (Remote),Radish Lab,No office location,https://stackoverflow.com/jobs/467547
Full Stack PHP Developer,DkR,"Lomazzo, Italy",https://stackoverflow.com/jobs/396797
ARCHITECTE SI (F/H),Octo Technology,"Paris, France",https://stackoverflow.com/jobs/445451
Staff Web Developer,SimpliSafe,"Boston, MA",https://stackoverflow.com/jobs/350954
Fullstack Developer,best it GmbH & Co. KG,"Berlin, Deutschland",https://stackoverflow.com/jobs/368833
Full Stack Developer,Facile.it,"Milan, Italy",https://stackoverflow.com/jobs/441392
Ingénieur(e) Infra / DevOps / SRE (H/F),Deeplink Medical,"Lyon, France",https://stackoverflow.com/jobs/372316
Software Engineer - SDVI DevOps,SDVI,No office location,https://stackoverflow.com/jobs/451626
Lead Front-end Engineer,Launch Potato,"Delray Beach, FL",https://stackoverflow.com/jobs/468509
Senior Front End Engineer (Homeowner Experience),Better,No office location,https://stackoverflow.com/jobs/472434
Javascript Developer - Angular or Node.js,Arcanys,"Ho Chi Minh City, Vietnam",https://stackoverflow.com/jobs/243364
Fullstack Developer,best it GmbH & Co. KG,"Velen, Deutschland",https://stackoverflow.com/jobs/371547
Mid Weight Drupal Developer,Access,"Manchester, UK",https://stackoverflow.com/jobs/445398
Frontend Entwickler JavaScript / React Native (w/m/d),dmTECH GmbH,"Karlsruhe, Deutschland",https://stackoverflow.com/jobs/465975
Fullstack Developer [Dutch Speaking],Triple,"Alkmaar, Netherlands",https://stackoverflow.com/jobs/407725
Senior Android Engineer,Durstexpress GmbH,"Berlin, Germany",https://stackoverflow.com/jobs/364021
"Frontend Tech Lead, Content Security",ByteDance,Singapore,https://stackoverflow.com/jobs/423498
"Frontendutvecklare med fullstack-kunskaper, ICA Försäkring",ICA Gruppen,"Solna, Sweden",https://stackoverflow.com/jobs/460642
Fullstack Developer,best it GmbH & Co. KG,"Siegburg, Deutschland",https://stackoverflow.com/jobs/373199
AEM Architect,Railroad19,No office location,https://stackoverflow.com/jobs/468540
Développeur Web,Agfa HealthCare,"Poitiers, France",https://stackoverflow.com/jobs/365066
Mid Weight Drupal Developer,Access,"Manchester, UK",https://stackoverflow.com/jobs/445398
Senior Front-end / JS Developer,iubenda,"Milan, Italy",https://stackoverflow.com/jobs/464814
Ruby on Rails Developer (US or Canada),BiTE interactive,No office location,https://stackoverflow.com/jobs/433137
Software Developer,DCSL Software Ltd,"London, UK",https://stackoverflow.com/jobs/419248
Software Developer,DCSL Software Ltd,"Farnborough, UK",https://stackoverflow.com/jobs/419247
"Frontend Software Engineer, Content Security",ByteDance,Singapore,https://stackoverflow.com/jobs/423497
Senior PHP / Wordpress Developer,The Motley FoolviaHays PLC,"Gold Coast, Australia",https://stackoverflow.com/jobs/462512
1x Software Architect/Lead (Cloud) & 1x Senior DevOps Engineer,Solar And Storage Modelling Pty Ltd (Solcast),"Leichhardt, Australia",https://stackoverflow.com/jobs/434165
Senior WebXR Games Engineer,NWR CORP,No office location,https://stackoverflow.com/jobs/454917
Front-end Developer(React.JS),EJN Corp.,"Teheran-ro, South Korea",https://stackoverflow.com/jobs/331223
Principal Software Engineer,Citizens Bank,"Providence, RI",https://stackoverflow.com/jobs/452563
Software Architect (ATH & SKG),Kaizen Gaming (Stoiximan/Betano),"Athens, Greece",https://stackoverflow.com/jobs/415639
Principal Software Engineer,Citizens Bank,"Westwood, MA",https://stackoverflow.com/jobs/446569
Senior Full Stack Developer - Remote,Insider,No office location,https://stackoverflow.com/jobs/456301
Senior Drupal Developer,Access,"Manchester, UK",https://stackoverflow.com/jobs/445396
Senior Full Stack Developer,Integrated Automotive Experience,"Mississauga, ON, Canada",https://stackoverflow.com/jobs/468526
Agiler Java Fullstack-Entwickler (m/w/d) - deutschlandweit & remote,objective partner AG,"Weinheim, Deutschland",https://stackoverflow.com/jobs/443596
Full Stack Software Developer (m/w/d) Discipline data management,Helmholtz-Zentrum Geesthacht (HZG),"Geesthacht, Deutschland",https://stackoverflow.com/jobs/461400
Full Stack Engineer,Beatrust Inc.,"Minato City, Japan",https://stackoverflow.com/jobs/429319
"Senior Software Engineer, Front-end Focused",Radix DLT,No office location,https://stackoverflow.com/jobs/465700
Senior Full Stack Engineer (w/m/d) Java/GCP | Inbound Logistik,Otto (GmbH & Co KG),"Hamburg, Deutschland",https://stackoverflow.com/jobs/462188
Fullstack Developer,Swisscom (Schweiz) AG,"Zürich, Schweiz",https://stackoverflow.com/jobs/461533
Full Stack Developer (Node.js),Grand Parade,"Kraków, Poland",https://stackoverflow.com/jobs/466419
Senior Business Intelligence Cloud Platform Engineer,"JPMorgan Chase Bank, N.A.","Lewisville, TX",https://stackoverflow.com/jobs/466701
Fullstack Developer,Hapag-LloydviaHays PLC,"Gdańsk, Poland",https://stackoverflow.com/jobs/406198
PHP Developer,Salto Keys as a Service,"Amsterdam, Netherlands",https://stackoverflow.com/jobs/235153
Full Stack Developer (m/w/d),Haufe Group,"Freiburg im Breisgau, Germany",https://stackoverflow.com/jobs/455781
Technical Architect,DCSL Software Ltd,"London, UK",https://stackoverflow.com/jobs/452361
Senior Site Reliability Engineer,"Unanet, Inc.","Sterling, VA",https://stackoverflow.com/jobs/472023
Fullstack developer,Nurun,No office location,https://stackoverflow.com/jobs/415682
"Sr Engineer, Software",T-Mobile,"Frisco, TX",https://stackoverflow.com/jobs/455169
Back End Engineer - Retail & Catalog,Everli,No office location,https://stackoverflow.com/jobs/415688
Principal Software Engineer,IPRICE GROUP SDN BHD,"Kuala Lumpur, Malaysia",https://stackoverflow.com/jobs/374382
Full Stack Engineer,Beatrust Inc.,"Minato City, Japan",https://stackoverflow.com/jobs/429319
Web Developer (Open Targets),European Bioinformatics Institute (EMBL-EBI),"Hinxton, UK",https://stackoverflow.com/jobs/463996
"Frontend Engineer, Web",Aaqua,"Antwerp, Belgium",https://stackoverflow.com/jobs/465925
Full Stack Developer (Angular) - Remote or Los Angeles,Urban Insight,"Los Angeles, CA",https://stackoverflow.com/jobs/471580
Senior Backend Engineer - Location Flexible,"Volusion, LLC",No office location,https://stackoverflow.com/jobs/443231
Frontend Developer (m/w/d),BREDEX GmbH,No office location,https://stackoverflow.com/jobs/457632
ISD Engineer IV (Cloud Site Reliability Engineer),Navy Federal Credit Union,"Merrifield, VA",https://stackoverflow.com/jobs/468007
Softwareentwickler (m/w/d) full-time remote,BREDEX GmbH,No office location,https://stackoverflow.com/jobs/457676
Mid-Level Front-end Responsive Developer,Graphic Language,No office location,https://stackoverflow.com/jobs/418286
Senior Front-end Developer,AdsWizz,"Bucharest, Romania",https://stackoverflow.com/jobs/401357
Senior Software Engineer,"Wikimedia Foundation, Inc.",No office location,https://stackoverflow.com/jobs/469401
Senior Fullstack Developer (Core Platform Services),Smartly.io,"Helsinki, Finland",https://stackoverflow.com/jobs/465571
QA Manual - Remote (Global),Modus Create,No office location,https://stackoverflow.com/jobs/472406
Frontend Developer (Experienced),Bakken & Bæck,"Amsterdam, Netherlands",https://stackoverflow.com/jobs/446594
Principal Software Engineer,"Lurn, Inc.","Rockville, MD",https://stackoverflow.com/jobs/472060
Senior Software Engineer,Cie,No office location,https://stackoverflow.com/jobs/449510
Senior Business Intelligence Cloud Platform Engineer,"JPMorgan Chase Bank, N.A.","Lewisville, TX",https://stackoverflow.com/jobs/466701
Java Developer,LMAX Group,"London, UK",https://stackoverflow.com/jobs/181651
Technical Business Analyst,DCSL Software Ltd,"London, UK",https://stackoverflow.com/jobs/442201
DevOps Engineer - (AWS Lambda): Remote (Global),Modus Create,No office location,https://stackoverflow.com/jobs/469802
ISD Developer V (Senior Cloud Application Developer),Navy Federal Credit Union,"Vienna, VA",https://stackoverflow.com/jobs/467795
DevOps Engineer (AWS): Remote (Global),Modus Create,No office location,https://stackoverflow.com/jobs/451028
Lead Consultant (Senior Software Developer) - Melbourne/Sydney role,No Moss Co,"Surry Hills, Australia",https://stackoverflow.com/jobs/462176
ISD Developer V (Senior Cloud Application Developer),Navy Federal Credit Union,"Winchester, VA",https://stackoverflow.com/jobs/467992
ISD Developer V (Senior Cloud Application Developer),Navy Federal Credit Union,"Pensacola, FL",https://stackoverflow.com/jobs/467991
ISD Developer V (Senior Cloud Application Developer),Navy Federal Credit Union,"Merrifield, VA",https://stackoverflow.com/jobs/467990
